device,canonical_filename,original_filename,sha256,bytes,release_status,privacy_review
mac,2026-08-31-daily-partial.png,Screenshot 2026-08-31 at 04.09.30(1).png,954323fb9ea9625b49183bb3ba8990e2cec5230440ba9cd8e4339f2ce8baf4bd,62132,public-original,visual review: no unrelated sensitive identifiers observed
mac,2026-08-31-week-summary.png,Screenshot 2026-08-31 at 04.09.54(1).png,05997ed7cbc55e80f798ab8380d581bdc59a7e4f272198b44e1e2f937d847c2e,59589,public-original,visual review: no unrelated sensitive identifiers observed
mac,2026-08-30-daily.png,Screenshot 2026-08-31 at 04.10.10(1).png,f9c4153610ad5d23bc0f025371beab767b14b468f3dea2b8dc3d0dab60028a62,92235,public-original,visual review: no unrelated sensitive identifiers observed
mac,2026-08-29-daily.png,Screenshot 2026-08-31 at 04.10.24(1).png,ae578f652ae949b20bdaa11ce92403aa442c12066960b6c87415f46aead5b24c,85473,public-original,visual review: no unrelated sensitive identifiers observed
mac,2026-08-28-daily.png,Screenshot 2026-08-31 at 04.10.34(1).png,9497b1e7be3f72acd2f2f9e77a031d9aa3ffcbf2c2e4f22c232e63cef5ecc704,88423,public-original,visual review: no unrelated sensitive identifiers observed
mac,2026-08-27-daily.png,Screenshot 2026-08-31 at 04.10.47(1).png,52b54eec99586b062ead6b32d3f18f8e64c36810258f5fc997686c8e5fc1df0b,87562,public-original,visual review: no unrelated sensitive identifiers observed
mac,2026-08-26-daily.png,Screenshot 2026-08-31 at 04.10.56(1).png,bd060804b378ca884dc3acff32eca5a540a9c6657cb049aaadb0671e90fb5424,87612,public-original,visual review: no unrelated sensitive identifiers observed
mac,2026-08-25-daily.png,Screenshot 2026-08-31 at 04.11.03(1).png,e4a2a75c0c4ba4d3bdb9264d90b023f0b7f013548036abfd886496ae4364c261,87061,public-original,visual review: no unrelated sensitive identifiers observed
mac,2026-08-24-daily.png,Screenshot 2026-08-31 at 04.11.14(1).png,3a3111d8d5186ebd7f6ae1d5f569c8f836df0887f30c41a84e548d7c07c9e1b6,86730,public-original,visual review: no unrelated sensitive identifiers observed
mac,2026-08-23-daily.png,Screenshot 2026-08-31 at 04.11.22(1).png,bb6a0a2de2ac6abe87c751c766947ffe9505eca278e76ebe983a293ec95883ac,93127,public-original,visual review: no unrelated sensitive identifiers observed
mac,2026-08-22-daily.png,Screenshot 2026-08-31 at 04.11.34(1).png,34270df8ebcf0b1f09467bf5dfa41b06f61c6ae6f8e36872b1a48e16eae8bdf6,93211,public-original,visual review: no unrelated sensitive identifiers observed
mac,2026-08-21-daily.png,Screenshot 2026-08-31 at 04.11.46(1).png,dd4ccb0339f987029813ef9c043515ba6ffecf3b8f0cd6fcedc07d04bc6bf6d2,101646,public-original,visual review: no unrelated sensitive identifiers observed
mac,2026-08-20-daily.png,Screenshot 2026-08-31 at 04.11.56(1).png,3ceafb11348e539df1ca9d5cbf4521181ea2c4b295be9031540e0912060662ae,92082,public-original,visual review: no unrelated sensitive identifiers observed
mac,2026-08-19-daily.png,Screenshot 2026-08-31 at 04.12.04(1).png,524e6e541ff7eed1178922acb9a99b8701394aabfac3dad897056780671df3a1,93695,public-original,visual review: no unrelated sensitive identifiers observed
mac,2026-08-18-daily.png,Screenshot 2026-08-31 at 04.12.13(1).png,f6077a11a0e663165c2349fbb0d49af80362e77b6cc09940e86b51bf866b1c64,91595,public-original,visual review: no unrelated sensitive identifiers observed
mac,2026-08-17-daily.png,Screenshot 2026-08-31 at 04.12.20(1).png,b2563d08a6e2cea081120809746d7e46504bf991e00f9b90dd7ee1c68e92124c,93995,public-original,visual review: no unrelated sensitive identifiers observed
mac,2026-08-16-daily.png,Screenshot 2026-08-31 at 04.12.28(1).png,cefe7309bec86c609cea84dd0cea82a2bdf148db99be77c3554b501e202b91df,88049,public-original,visual review: no unrelated sensitive identifiers observed
mac,2026-08-15-daily.png,Screenshot 2026-08-31 at 04.12.36(1).png,2db7b385635d72fcefd625c866e09cf6e68813aa4d59e929133800bb58b4642d,95696,public-original,visual review: no unrelated sensitive identifiers observed
mac,2026-08-14-daily.png,Screenshot 2026-08-31 at 04.12.44(1).png,8df03e6b3e72547d01d18a9eb8dd3d711fcb9c2a0293296b24230e0fe25ebeec,93606,public-original,visual review: no unrelated sensitive identifiers observed
mac,2026-08-13-daily.png,Screenshot 2026-08-31 at 04.12.52(1).png,d409ad4d5bff2b233951e97556a02709d6c151ab2b5dae243a434d48b11efd6e,89871,public-original,visual review: no unrelated sensitive identifiers observed
mac,2026-08-12-daily.png,Screenshot 2026-08-31 at 04.13.00.png,d202c0b613d7621c5befc366309edccbdd753d003c042956186a25c6e7741207,91743,public-original,visual review: no unrelated sensitive identifiers observed
mac,2026-08-11-daily.png,Screenshot 2026-08-31 at 04.13.07.png,bc4c8fc976ef6330d24c0d7fec614d0080536d25f878601af69e10f6931f3a99,87710,public-original,visual review: no unrelated sensitive identifiers observed
mac,2026-08-10-daily.png,Screenshot 2026-08-31 at 04.13.14.png,b9f65b2bd75e3d5b2c60d34ba51bf9e7f4cb95f4559b72b6484b6c47db32ec7c,73452,public-original,visual review: no unrelated sensitive identifiers observed
mac,2026-08-09-daily.png,Screenshot 2026-08-31 at 04.13.21.png,fcdf1e1c89be4e141d0b742cf6ea68d26ecd178044004424034d7ed053f35a23,85603,public-original,visual review: no unrelated sensitive identifiers observed
mac,2026-08-08-daily.png,Screenshot 2026-08-31 at 04.13.28.png,b3462e8b1e64d9baa7a47058ac90b7c2e7300440a126cdde69ceae5106df3969,75957,public-original,visual review: no unrelated sensitive identifiers observed
mac,2026-08-07-daily.png,Screenshot 2026-08-31 at 04.13.35.png,9f25f8880fcdb3655daa2d9cac8bd3e7223ddddcd14294a072572b6b98157249,72717,public-original,visual review: no unrelated sensitive identifiers observed
mac,2026-08-06-daily.png,Screenshot 2026-08-31 at 04.13.48.png,c08981da351d47a12d8019fff7b6cbd53e2002d29ea4613cb75952465eecbb2d,90047,public-original,visual review: no unrelated sensitive identifiers observed
mac,2026-08-05-daily.png,Screenshot 2026-08-31 at 04.13.55.png,98a775a800a01c7123112093061d0a28c8a199868875e3a00610c465a9b28467,90890,public-original,visual review: no unrelated sensitive identifiers observed
mac,2026-08-04-daily.png,Screenshot 2026-08-31 at 04.14.01.png,abc5ca183f083546dfa4f61d99562c6e100c910190de3649ad6131a96988f45c,88432,public-original,visual review: no unrelated sensitive identifiers observed
mac,2026-08-03-daily.png,Screenshot 2026-08-31 at 04.14.07.png,01d407adaa3a164b8cd5efa244eca11feec4e803e5ba30d55e893bf4b9affd2c,88132,public-original,visual review: no unrelated sensitive identifiers observed
mac,2026-08-02-daily.png,Screenshot 2026-08-31 at 04.14.13.png,ee0b1449f64fd48472e87247558d5a6ef7c86cf26690856521d4ea52732e54d0,94950,public-original,visual review: no unrelated sensitive identifiers observed
mac,2026-08-01-daily.png,Screenshot 2026-08-31 at 04.14.31.png,26df719736fed29b629edb386f1c0afad4b23a626f098f3d6f0031993a5352d1,84426,public-original,visual review: no unrelated sensitive identifiers observed
iphone,2026-08-31-battery-usage-partial.png,IMG_7519.png,b4e95ae8ef1baa820627c7fbfdf7b0f08f14c4eb6761c493f606f8f8ed500718,204643,public-original,display name is @@; no unrelated private content observed
iphone,2026-08-31-week-to-date-screen-time.jpeg,IMG_7520(1).jpeg,e3129f56f525a7b38aa1fcb5b00016a5b21a48e5b827c30a5cd2eee71bb4a6fe,186310,public-original,display name is @@; no unrelated private content observed
iphone,2026-08-31-screen-time-partial.jpeg,IMG_7521(1).jpeg,8783a991141012381a7efad71e11ae4731513ad3e9678ac225f38396cf0f318d,166031,public-original,display name is @@; no unrelated private content observed
iphone,2026-08-30-screen-time.jpeg,IMG_7522(1).jpeg,40ed84388cf5b9e5c36d4c71ff735e8184dd6c996cdb9a04e03b3e84ec65fc70,204790,public-original,display name is @@; no unrelated private content observed
iphone,2026-08-29-screen-time.jpeg,IMG_7523(1).jpeg,8ab30ec0f9301384df218acc0ecf91efb3cac3174ef07042d7055f175b915bdc,181329,public-original,display name is @@; no unrelated private content observed
iphone,2026-08-31-last-week-average.jpeg,IMG_7524(1).jpeg,79ad25a58e7a642dab8eb15d9fb912631eec26fd1455b0ac36d1112cc58a4e5a,145527,public-original,display name is @@; no unrelated private content observed
iphone,2026-08-10-screen-time.jpeg,IMG_7525(1).jpeg,9aa8dbcb6761ac25a88a7e07d29e47d67b9e44313ec244a9d255de3615aa1b33,227492,public-original,display name is @@; no unrelated private content observed
iphone,2026-08-09-screen-time.jpeg,IMG_7526(1).jpeg,43ec2736137b7dacbde426f82a1876567fcef5e6a8eac1d7e180b8aaa4766f3e,199594,public-original,display name is @@; no unrelated private content observed
